﻿<?xml version="1.0" encoding="UTF-8" standalone="yes"?>
<RSIObjects xsi:noNamespaceSchemaLocation="/Roboter/Config/System/Common/Schemes/RSIContext.xsd" xmlns:xsi="http://www.w3.org/2001/XMLSchema-instance">
  <RSIObject ObjType="AXISCORR" ObjTypeID="33" ObjID="AXISCORR1">
    <Inputs>
      <Input InIdx="1" OutObjID="ETHERNET1" OutIdx="1" />
      <Input InIdx="2" OutObjID="ETHERNET1" OutIdx="2" />
      <Input InIdx="3" OutObjID="ETHERNET1" OutIdx="3" />
      <Input InIdx="4" OutObjID="ETHERNET1" OutIdx="4" />
      <Input InIdx="5" OutObjID="ETHERNET1" OutIdx="5" />
      <Input InIdx="6" OutObjID="ETHERNET1" OutIdx="6" />
    </Inputs>
    <Parameters>
      <Parameter Name="LowerLimA1" ParamID="1" ParamValue="-90.0" />
      <Parameter Name="LowerLimA2" ParamID="2" ParamValue="-90.0" />
      <Parameter Name="LowerLimA3" ParamID="3" ParamValue="-90.0" />
      <Parameter Name="LowerLimA4" ParamID="4" ParamValue="-90.0" />
      <Parameter Name="LowerLimA5" ParamID="5" ParamValue="-90.0" />
      <Parameter Name="LowerLimA6" ParamID="6" ParamValue="-90.0" />
      <Parameter Name="UpperLimA1" ParamID="13" ParamValue="90.0" />
      <Parameter Name="UpperLimA2" ParamID="14" ParamValue="90.0" />
      <Parameter Name="UpperLimA3" ParamID="15" ParamValue="90.0" />
      <Parameter Name="UpperLimA4" ParamID="16" ParamValue="90.0" />
      <Parameter Name="UpperLimA5" ParamID="17" ParamValue="90.0" />
      <Parameter Name="UpperLimA6" ParamID="18" ParamValue="90.0" />
    </Parameters>
  </RSIObject>
  <RSIObject ObjType="ETHERNET" ObjTypeID="64" ObjID="ETHERNET1">
    <Parameters>
      <Parameter Name="ConfigFile" ParamID="1" ParamValue="ros_rsi_ethernet.xml" IsRuntime="false" />
      <Parameter Name="Timeout" ParamID="1" ParamValue="100" />
      <Parameter Name="Flag" ParamID="4" ParamValue="1" />
      <Parameter Name="Precision" ParamID="8" ParamValue="4" />
    </Parameters>
  </RSIObject>
  <RSIObject ObjType="AXISCORRMON" ObjTypeID="82" ObjID="AXISCORRMON1">
    <Parameters>
      <Parameter Name="MaxA1" ParamID="1" ParamValue="90.0" />
      <Parameter Name="MaxA2" ParamID="2" ParamValue="90.0" />
      <Parameter Name="MaxA3" ParamID="3" ParamValue="90.0" />
      <Parameter Name="MaxA4" ParamID="4" ParamValue="90.0" />
      <Parameter Name="MaxA5" ParamID="5" ParamValue="90.0" />
      <Parameter Name="MaxA6" ParamID="6" ParamValue="90.0" />
      <Parameter Name="MaxE1" ParamID="7" ParamValue="6.0" />
      <Parameter Name="MaxE2" ParamID="8" ParamValue="6.0" />
      <Parameter Name="MaxE3" ParamID="9" ParamValue="6.0" />
      <Parameter Name="MaxE4" ParamID="10" ParamValue="6.0" />
      <Parameter Name="MaxE5" ParamID="11" ParamValue="6.0" />
      <Parameter Name="MaxE6" ParamID="12" ParamValue="6.0" />
    </Parameters>
  </RSIObject>
</RSIObjects>