<ETHERNETKRL>
	<CONFIGURATION>
		<EXTERNAL>
			<IP>x.x.x.x</IP>
			<PORT>49152</PORT>
		</EXTERNAL>
	</CONFIGURATION>
	<RECEIVE>
		<XML>
			<ELEMENT Tag="Sensor/Message" Type="STRING"/>
			<ELEMENT Tag="Sensor/Positions/Current/@X" Type="REAL"/>
			<ELEMENT Tag="Sensor/Positions/Before/X" Type="REAL"/>
			<ELEMENT Tag="Sensor/Nmb" Type="INT"/>
			<ELEMENT Tag="Sensor/Status/IsActive" Type="BOOL"/>
			<ELEMENT Tag="Sensor/Read/xyzabc" Type="FRAME"/>
			<ELEMENT Tag="Sensor/Show/@error" Type="BOOL"/>
			<ELEMENT Tag="Sensor/Show/@temp" Type="INT"/>
			<ELEMENT Tag="Sensor/Show" Type="STRING"/>
			<ELEMENT Tag="Sensor/Free" Type="INT"/>
		</XML>
	</RECEIVE>
	<SEND>
		<XML>
			<ELEMENT Tag="Robot/Data/LastPos/@X"/>
			<ELEMENT Tag="Robot/Data/LastPos/@Y"/>
			<ELEMENT Tag="Robot/Data/LastPos/@Z"/>
			<ELEMENT Tag="Robot/Data/LastPos/@A"/>
			<ELEMENT Tag="Robot/Data/LastPos/@B"/>
			<ELEMENT Tag="Robot/Data/LastPos/@C"/>
			<ELEMENT Tag="Robot/Status"/>
			<ELEMENT Tag="Robot/Mode"/>
			<ELEMENT Tag="Robot/RobotLamp/GrenLamp/LightOn"/>
			<ELEMENT Tag="Robot/Data/ActPos/@X"/>
		</XML>
	</SEND>
</ETHERNETKRL>
