<Elements>
	<Element Tag="ExternalData" Type="STRUCTTAG" Stacksize="50" />
	<Element Tag="ExternalData.Mode" Type="INTEGER" Stacksize="50" />
	<Element Tag="ExternalData.Tick" Type="INTEGER" Stacksize="50" />
	<Element Tag="ExternalData.Id" Type="INTEGER" Stacksize="50" />
	<Element Tag="ExternalData.Run" Type="BOOLEAN" Stacksize="50" />
	<Element Tag="ExternalData.Vel" Type="REAL" Stacksize="50" />
	<Element Tag="ExternalData.Tol" Type="INTEGER" Stacksize="50" />
	<Element Tag="ExternalData.Frames" Type="INTEGER" Stacksize="50" />
	<Element Tag="ExternalData.XFrame" Type="FRAME" Stacksize="500" />   
</Elements>