<ETHERNETKRL>
	<CONFIGURATION>
		<EXTERNAL>
			<IP>192.168.212.24</IP>
			<PORT>59152</PORT>
			<TYPE>Server</TYPE>
		</EXTERNAL>
		<INTERNAL>
			<ENVIRONMENT>Program</ENVIRONMENT>
         <BUFFERING Mode="FIFO" Limit="512"/>
         <BUFFSIZE Limit="65534"/>
			<TIMEOUT Connect="2000"/>
         <ALIVE Set_Flag="1" Ping="1"/>
			<IP>192.168.212.99</IP>  
			<PORT>54600</PORT>
			<PROTOCOL>TCP</PROTOCOL>
         <MESSAGES Display="disabled" Logging="disabled" />
		</INTERNAL>
	</CONFIGURATION>
   <RECEIVE>
     <XML>
       <ELEMENT Tag="Server/Cmd" Type="INT"/>
       <ELEMENT Tag="Server/NoIO" Type="INT"/>
       <ELEMENT Tag="Server/State" Type="BOOL"/>
       <ELEMENT Tag="Server/Time" Type="REAL"/>
       <ELEMENT Tag="Server/Pos0/@X" Type="REAL"/>
       <ELEMENT Tag="Server/Pos0/@Y" Type="REAL"/>
       <ELEMENT Tag="Server/Pos0/@Z" Type="REAL"/>
	   <ELEMENT Tag="Server/Pos0/@A" Type="REAL"/>
       <ELEMENT Tag="Server/Pos0/@B" Type="REAL"/>
       <ELEMENT Tag="Server/Pos0/@C" Type="REAL"/>
       <ELEMENT Tag="Server/Pos0/@S" Type="INT"/>
       <ELEMENT Tag="Server/Pos0/@T" Type="INT"/>
      
       <ELEMENT Tag="Server/Pos1/@X" Type="REAL"/>
       <ELEMENT Tag="Server/Pos1/@Y" Type="REAL"/>
       <ELEMENT Tag="Server/Pos1/@Z" Type="REAL"/>
       <ELEMENT Tag="Server/Pos1/@A" Type="REAL"/>
       <ELEMENT Tag="Server/Pos1/@B" Type="REAL"/>
       <ELEMENT Tag="Server/Pos1/@C" Type="REAL"/>
       <ELEMENT Tag="Server/Pos1/@S" Type="INT"/>
       <ELEMENT Tag="Server/Pos1/@T" Type="INT"/>
       <ELEMENT Tag="Server/Pos2/X" Type="REAL"/>
       <ELEMENT Tag="Server/Pos2/Y" Type="REAL"/>
       <ELEMENT Tag="Server/Pos2/Z" Type="REAL"/>
       <ELEMENT Tag="Server/Pos2/A" Type="REAL"/>
       <ELEMENT Tag="Server/Pos2/B" Type="REAL"/>
       <ELEMENT Tag="Server/Pos2/C" Type="REAL"/>
       <ELEMENT Tag="Server/Pos2/S" Type="INT"/>
       <ELEMENT Tag="Server/Pos2/T" Type="INT"/>
       <ELEMENT Tag="Server/ToolNo" Type="INT"/>
       <ELEMENT Tag="Server/BaseNo" Type="INT"/>
       <ELEMENT Tag="Server/IpoFrame" Type="INT"/>
       <ELEMENT Tag="Server/TQState" Type="BOOL"/>
       <ELEMENT Tag="Server/Vel" Type="REAL"/>
       <ELEMENT Tag="Server/Acc" Type="REAL"/>
       <ELEMENT Tag="Server/ApoDist" Type="REAL"/>
       <ELEMENT Tag="Server/ApoMode" Type="INT"/>
       <ELEMENT Tag="Server/GearJerk" Type="REAL"/>
       <ELEMENT Tag="Server/ApoFac" Type="REAL"/>
       <ELEMENT Tag="Server/AxisVel" Type="REAL"/>
       <ELEMENT Tag="Server/AxisAcc" Type="REAL"/>
       <ELEMENT Tag="Server/JerkFac" Type="REAL"/>
       <ELEMENT Tag="Server/OriType" Type="INT"/>
       <ELEMENT Tag="Server/CircType" Type="INT"/>
       <ELEMENT Tag="Server/EXAXIgn" Type="INT"/>
       <ELEMENT Tag="Server" Set_Flag="2"/>
     </XML>
   </RECEIVE>
  
   <SEND>
     <XML>
       <ELEMENT Tag="Robot/Cmd" Type="INT" />
       <ELEMENT Tag="Server/Pos2/X" Type="REAL"/>
       <ELEMENT Tag="Server/Pos2/Y" Type="REAL"/>
       <ELEMENT Tag="Server/Pos2/Z" Type="REAL"/>
       <ELEMENT Tag="Server/Pos2/A" Type="REAL"/>
       <ELEMENT Tag="Server/Pos2/B" Type="REAL"/>
       <ELEMENT Tag="Server/Pos2/C" Type="REAL"/>
       <ELEMENT Tag="Server/Pos2/S" Type="INT"/>
       <ELEMENT Tag="Server/Pos2/T" Type="INT"/>
     </XML>
   </SEND>
</ETHERNETKRL>
